222812,Eagle Lake,73.51921861,40.63578813544892,-120.74531342088235
8177,Lake Mohave,111.57668469,35.45805506733811,-114.64255715565606
1441459,Great Salt Lake,3389.4988552,41.18606301376571,-112.55961664675668
1654975,Lake Tahoe,497.66249024,39.09607554250817,-120.03339734834118
856349,Pyramid Lake,441.03649304,40.04493677917843,-119.56508298968492
844615,Walker Lake,120.00845933,38.69546960235375,-118.7177623482195
7862,Lake Mead,541.30028639,36.1720570157903,-114.43538595743026
263749,Mono Lake,183.318,38.00760349207617,-119.01476284376284
243280,Lake Havasu,75.34143495,34.463934379705826,-114.33070373325602
221199,Clear Lake Reservoir,65.52828044,41.86737732470213,-121.15252326993266
255067,Lake Berryessa,64.24601411,38.586764044664,-122.2275186859369
248771,Salton Sea,943.30537976,33.31356816343475,-115.81677228190244
1664234,Clear Lake,160.46261189,39.04076078300548,-122.80071528253596
232446,San Luis Reservoir,51.92667476,37.0572976733844,-121.12110401125744
256197,Lake Almanor,100.53009162,40.24736290709043,-121.14886013881102
253897,Shasta Lake,50.24732017,40.7881575528114,-122.3943228651288
1431462,Lake Powell,268.13101902,37.05972700374901,-111.27513169898592
1441113,Flaming Gorge Reservoir,157.37561553,41.09613896595279,-109.55363108832582
1431462,Lake Powell,188.05105349,37.56566256145324,-110.62385209438968
1446894,Utah Lake,368.89306087,40.20998368604905,-111.824153449748
1446189,Strawberry Reservoir,65.63332015,40.174405480411664,-111.12675498184804
377174,Bear Lake,283.3145035,41.99525009383274,-111.33004563620844
